,Ala,Asc,Asp,Cr,GABA,GPC,GSH,Glc,Gln,Glu,Ins,Lac,Mac,NAA,NAAG,PCh,PCr,PE,Scyllo,Tau,gamma_0,sigma_0,eps_0,Phi0,Phi1,B_real_0,B_imag_0,B_real_1,B_imag_1,B_real_2,B_imag_2,Cr+PCr,Glu+Gln,GPC+PCh,Glc+Tau,NAA+NAAG,SNR,noise_sd
0,0.010728745056536386,0.17598934103460842,0.12018558124667339,0.19044581894880472,0.1063138885966756,0.02749459812920826,0.09169952375944547,0.015390757306389795,0.004286390926501366,0.37770763575503347,0.3577564807613217,0.04658242302795599,0.315235342125054,0.7114940304320678,0.010372741693683567,0.04172321356402825,0.28168196819407226,0.008739302192919497,0.020746406789613855,0.09945354520183187,23.725572675041594,3.6796157144379618,0.09020226489135075,0.030795490893551825,3.887660796579089e-05,0.006001605121169597,0.08465932809974493,0.0983873557988166,0.05657673715318286,0.02879145299460075,0.05150042728703194,0.47212778714287695,0.3819940266815348,0.06921781169323651,0.11484430250822167,0.7218667721257513,36.25198121636074,0.9632228508051144
1,0.0066743385514106465,0.17084774268828926,0.13618362050863986,0.22553991551560773,0.12191473729212428,0.017270490002717225,0.10283361996494009,0.007817442210234457,0.0,0.3819231702794169,0.3781099925087116,0.04922008880759017,0.3152086199966456,0.7316222818786191,0.014790302958353685,0.04727171149060175,0.2552951612217361,0.005856485664998653,0.016671834861844873,0.11259062305766165,25.268644941657026,0.0,-0.14301038788337794,0.006534596886609797,4.04131427308196e-06,-0.10024621939848956,0.035703323616756474,0.009518268575811489,0.1827990549054739,0.006795493749288738,-0.05912945546725135,0.4808350767373438,0.3819231702794169,0.06454220149331898,0.12040806526789612,0.7464125848369728,41.27221938700394,0.9961002790366726
