,Ala,Asc,Asp,Cr,GABA,GPC,GSH,Glc,Gln,Glu,Ins,Lac,Mac,NAA,NAAG,PCh,PCr,PE,Scyllo,Tau,gamma_0,sigma_0,eps_0,Phi0,Phi1,B_real_0,B_imag_0,B_real_1,B_imag_1,B_real_2,B_imag_2,Cr+PCr,Glu+Gln,GPC+PCh,Glc+Tau,NAA+NAAG,SNR,noise_sd
0,0.01045296048315696,0.17797011076458993,0.11167102421506582,0.21987204404146626,0.11491932176189855,0.028965538249473274,0.09572995960409364,0.012934929288461317,0.011516502752157924,0.3729386017819861,0.36309061903509027,0.040771656565133305,0.30642067039179366,0.7230567506881225,0.013880496646188631,0.03341595508054494,0.24766209505453343,0.016778952734994558,0.02004539227302043,0.11382668408659329,24.49164319935486,0.0,0.0044099077374014535,-0.0003935733240801366,-4.778410755310002e-07,0.0012548119684559662,0.00032832724320897943,0.001263032514585935,-0.0008113528578868207,-0.0018241941699018056,-0.0022043805554021207,0.4675341390959997,0.38445510453414405,0.06238149333001822,0.1267616133750546,0.7369372473343111,2171.881316625561,0.02896228537185538
1,0.01065354280971248,0.17795088622929195,0.11190909981408441,0.2202798454991835,0.1149350478782603,0.028939973730152342,0.09570592248474516,0.012538439311909335,0.011568917236981148,0.373021087938537,0.36321222427102257,0.04081794838128347,0.3061050137309774,0.7229846164400041,0.013914526540747199,0.033460230141020654,0.24729792747102788,0.01679606101295649,0.01999321246581086,0.11389507798628293,24.489067402396337,0.10396039252500781,0.0003179333868735131,-1.7127624756371268e-05,-8.978220555332183e-08,0.0011570244776390362,0.0005129679902410563,0.0013698073576643892,-0.0017312176811861114,0.0001378224744117583,-0.0018465125981393566,0.4675777729702114,0.38459000517551817,0.062400203871172996,0.12643351729819227,0.7368991429807513,2119.4515373151658,0.028640573908338306
