,Ala,Asc,Asp,Cr,GABA,GPC,GSH,Glc,Gln,Glu,Ins,Lac,Mac,NAA,NAAG,PCh,PCr,PE,Scyllo,Tau,gamma_0,sigma_0,eps_0,Phi0,Phi1,B_real_0,B_imag_0,B_real_1,B_imag_1,B_real_2,B_imag_2,Cr+PCr,Glu+Gln,GPC+PCh,Glc+Tau,NAA+NAAG,SNR,noise_sd
0,0.006747491812441665,0.1880351628903182,0.08367002471324056,0.2221458935809928,0.10604470689416903,0.027375961924270116,0.08867346090854336,0.017664555282662062,0.006152181546625255,0.360169323556094,0.3449984393955097,0.04238201137405466,0.3245944696381157,3.6434654378497973,0.0036674960065917177,0.033602118717197746,0.24097413581387536,0.027413182046066995,0.02055245051279554,0.0967586591958076,24.457243950533584,0.747702646041617,0.30533362482342224,-0.023298237107832496,-1.720876550490013e-05,0.0463539061443826,-0.033704543768503646,0.10097753274504737,-0.08991938275041968,0.05520813537551276,-0.09180245256590584,0.4631200293948682,0.36632150510271927,0.06097808064146786,0.11442321447846966,3.647132933856389,174.31170468713321,1.029844140396694
1,0.0012576959973675786,0.1720919049818701,0.06232267110056252,0.23926418630546892,0.10784579467390314,0.047435730574367396,0.08656305714911919,0.015239571589452616,0.003181749782539566,0.364646498008578,0.33625880111459994,0.04012075376226076,0.2870233945670773,3.613954645830398,0.005309232101422674,0.016789039829770244,0.2190840605637071,0.0052028462430732956,0.011774288891617529,0.0995073458632023,24.445184605413278,1.1880633960283151,-0.012500522330796016,0.00030993023108480405,3.896502224325957e-06,0.38572185927839076,0.1676525560516567,0.21992891566486672,-0.26826013727928283,-0.5189836572619383,-0.21351859411457763,0.458348246869176,0.36782824779111756,0.06422477040413764,0.11474691745265492,3.6192638779318207,175.48334288959362,0.9799819828722203
