,Ala,Asc,Asp,Cr,GABA,GPC,GSH,Glc,Gln,Glu,Ins,Lac,Mac,NAA,NAAG,PCh,PCr,PE,Scyllo,Tau,gamma_0,sigma_0,eps_0,Phi0,Phi1,B_real_0,B_imag_0,B_real_1,B_imag_1,B_real_2,B_imag_2,Cr+PCr,Glu+Gln,GPC+PCh,Glc+Tau,NAA+NAAG,SNR,noise_sd
0,0.010434251759982714,0.17799109426488927,0.11183419284545085,0.22016347913860917,0.11487731094086313,0.028899069504809978,0.09590379054111807,0.012864900515970888,0.011301156881545727,0.37304857946216224,0.363253835693991,0.04086867500899002,0.3060358145499427,3.6157474348971355,0.014053520658966439,0.033455754451648216,0.24742018548268338,0.01719664827425001,0.01998098286296372,0.11378207267698011,24.494235664418863,0.0,3.3629273489277096e-05,0.00021252852188229104,2.211687333510085e-07,0.0010766952896006797,6.758837541257791e-05,0.0001976923248293495,-0.0011384596202393493,-0.0008740510568062446,0.0015517125269817404,0.4675836646212925,0.38434973634370795,0.062354823956458194,0.12664697319295098,3.6298009555561017,3600.649979891258,0.10488378337449218
1,0.010369433970177254,0.17780464115626574,0.1120755760898846,0.21963421449239737,0.11507986984648534,0.028990010461908862,0.09575362484530227,0.012855593752864417,0.011535875205346888,0.3731215660682747,0.3632878206750722,0.04074957045835474,0.3065290947335441,3.615800563505265,0.013795916107426297,0.03338292538956675,0.2478660240201798,0.016937380580772876,0.020003089347747117,0.11389314376778802,24.495643524946754,0.0,6.823595814065464e-05,0.0001885718149807973,2.6328724530089e-07,0.0006217687848859175,0.0005747167252489177,-0.0007469708669146841,0.0013546819101625683,-0.002133733867243002,-0.000271721245320362,0.46750023851257716,0.38465744127362156,0.06237293585147561,0.12674873752065244,3.629596479612691,3500.9276754258412,0.10521695513732449
