,Ala,Asc,Asp,Cr,GABA,GPC,GSH,Glc,Gln,Glu,Ins,Lac,Mac,NAA,NAAG,PCh,PCr,PE,Scyllo,Tau,gamma_0,sigma_0,eps_0,Phi0,Phi1,B_real_0,B_imag_0,B_real_1,B_imag_1,B_real_2,B_imag_2,Cr+PCr,Glu+Gln,GPC+PCh,Glc+Tau,NAA+NAAG,SNR,noise_sd
0,0.013136253136393739,0.18171189374834357,0.11976074616548345,0.218007145828155,0.11736327790766951,0.02909075205797762,0.09206466833666377,0.004239797265744464,0.018922511945664102,0.37294833474252564,0.3623935122530106,0.04078504734672778,0.30784997330112324,0.14228888943747706,0.012354339718511874,0.0343048660702736,0.24903570628578653,0.01201703681120311,0.021288294332382995,0.11273365813835083,24.74281079688094,1.933226947149428e-15,-0.052747877205748056,0.010070344719578819,4.62930553153517e-06,-0.016026875589318354,0.012275935710464064,0.05044862229790335,0.03028828558918984,0.048986911185117235,0.02086667195035154,0.46704285211394153,0.3918708466881897,0.06339561812825123,0.11697345540409529,0.15464322915598894,69.70968300149673,0.3439850251753057
1,0.010778511874589974,0.18081700420507704,0.11559449705336362,0.21308406919650552,0.11729340210987368,0.02702307420629928,0.09625654582693971,0.018389085021240585,0.014485582414881433,0.36662992250178417,0.3575058629376502,0.04333819040608866,0.29038906211351806,0.14549178095268728,0.016591908775024138,0.03520300809205756,0.24987674213423366,0.01934298250539012,0.021562363313953278,0.1135877838184766,24.356291356197886,0.0,-0.06674089652951869,-0.0023819777908514685,-7.703082245937234e-06,0.03159729069039279,-0.003138995534648614,-0.005135640966470659,-0.042217794132163616,-0.057707701002545804,0.035566916754083557,0.4629608113307392,0.3811155049166656,0.06222608229835684,0.13197686883971718,0.16208368972771142,70.46955304972117,0.3527004477136988
