,Ala,Asc,Asp,Cr,GABA,GPC,GSH,Glc,Gln,Glu,Ins,Lac,Mac,NAA,NAAG,PCh,PCr,PE,Scyllo,Tau,gamma_0,sigma_0,eps_0,Phi0,Phi1,B_real_0,B_imag_0,B_real_1,B_imag_1,B_real_2,B_imag_2,Cr+PCr,Glu+Gln,GPC+PCh,Glc+Tau,NAA+NAAG,SNR,noise_sd
0,0.018056889486615758,0.18107318912605663,0.10514376368439271,0.22202020394500516,0.11378968859010594,0.02921425507612472,0.09733105500617988,0.014401494195438473,0.001612204360521911,0.3766181602256727,0.3603769865043572,0.042814263265565894,0.2999412874500986,3.618876378008132,0.01353650663306346,0.03312129235411134,0.2452440633046507,0.016574464413301425,0.020479426568880417,0.11374833518255863,24.49431247586664,2.0762653044639646e-09,0.008268299507884607,0.004562014724250027,6.849949648818576e-06,0.023003906863406955,0.011942905505333433,0.008349461421268314,0.015079260757895214,-0.008652967986912658,-0.02746833103196929,0.46726426724965586,0.3782303645861946,0.06233554743023606,0.1281498293779971,3.6324128846411954,546.9571510314648,0.3536269364034733
1,0.009782527784638282,0.167304566532599,0.12273464083809887,0.2223543691950118,0.1148256657236941,0.030177935031377962,0.09917719646714933,0.01207250201652887,0.01850847230722161,0.38380599200754,0.36906436360208433,0.04279739682605733,0.32068316014984044,3.611083757355402,0.013075326551566048,0.032018989281829426,0.24349744463275957,0.021861242090402227,0.022453450489076193,0.1123578039650886,24.43074058703586,0.7198313734989918,-0.09059723603813058,-0.015821600362432294,-2.3378253188344038e-05,-0.12082768299600817,-0.037706701359393684,-0.023825337509483107,0.029593581323684857,0.03331079975797884,0.010867607273329569,0.4658518138277714,0.40231446431476164,0.06219692431320739,0.12443030598161747,3.624159083906968,492.34368431248106,0.36504642653352226
